	Unnamed: 0	gene	REF	ALT	FREQ	SNP	% of population
0	0	ORF1a	A	C	0.0103	ORF1a_A3158C_K1053T	1.03
1	1	ORF1a	T	C	0.038	ORF1a_T3353C_V1118A	3.8
2	2	ORF1a	G	A	0.0169	ORF1a_G3356A_G1119D	1.69
3	3	ORF1a	A	T	0.0318	ORF1a_A3784T_N1262Y	3.18
4	4	ORF1a	A	G	0.0111	ORF1a_A3845G_D1282G	1.11
5	5	ORF1a	C	T	0.0366	ORF1a_C4837T_H1613Y	3.66
6	6	ORF1a	T	C	0.0243	ORF1a_T7901C_I2634T	2.43
9	9	ORF1a	A	G	0.0109	ORF1a_A8434G_I2812V	1.09
10	10	ORF1a	T	C	0.0115	ORF1a_T8435C_I2812T	1.15
11	11	ORF1a	C	T	0.0292	ORF1a_C8699T_S2900L	2.92
12	12	ORF1a	C	T	0.0174	ORF1a_C10076T_P3359L	1.7399999999999998
14	14	ORF1a	A	G	0.0106	ORF1a_A10312G_T3438A	1.06
16	16	ORF1a	C	A	0.1484	ORF1a_C11632A_Q3878K	14.84
17	17	ORF1a	A	C	0.0166	ORF1a_A11953C_N3985H	1.66
